leadership_score,communication_score,decision_making_score,team_management_score,strategic_thinking_score,problem_solving_score,adaptability_score,technical_knowledge_score,performance_score,experience_years,readiness_level
65.36,64.65,67.23,57.57,61.59,56.88,59.15,62.59,72.68,4.3,Low
92.77,95.41,85.78,95.37,94.08,89.78,87.56,97.18,90.72,7.2,High
85.43,84.5,82.18,87.42,80.28,82.37,85.69,83.16,95.56,11.0,High
74.27,71.75,73.59,72.01,74.13,78.42,75.17,75.24,68.78,4.4,Medium
92.91,99.61,92.82,95.41,100.0,98.54,97.54,99.08,92.37,11.1,High
42.94,42.26,51.04,50.24,43.5,47.59,44.47,50.7,45.8,2.6,Low
85.45,89.21,83.23,81.07,90.41,84.55,79.53,79.0,90.98,7.6,High
77.21,84.59,78.98,84.29,82.96,72.77,81.28,80.81,75.18,3.4,Medium
90.98,96.98,96.05,88.7,91.54,87.68,96.49,95.98,83.78,9.3,High
75.26,78.13,75.15,68.8,72.68,69.02,79.94,79.33,70.6,7.6,Medium
76.07,80.87,75.87,84.17,84.23,76.58,80.75,81.64,96.05,14.5,High
53.34,46.99,48.32,56.52,52.38,49.84,50.79,46.03,50.29,3.7,Low
85.44,92.16,87.34,95.45,94.91,85.44,87.45,92.62,85.68,7.2,High
100.0,100.0,93.12,92.0,96.01,95.92,96.44,99.59,91.14,9.7,High
46.8,39.44,38.74,41.84,41.52,39.8,39.46,47.54,55.07,2.7,Low
57.79,59.39,58.87,57.94,49.75,53.59,50.32,52.57,46.26,6.0,Low
82.15,81.77,88.18,88.64,83.36,85.31,78.55,80.25,72.51,7.7,High
74.4,73.42,77.62,69.28,78.92,68.35,69.62,74.53,80.72,3.3,Medium
83.29,83.59,81.19,83.16,82.43,87.37,78.61,84.75,96.24,7.5,High
79.13,70.98,75.6,82.09,82.06,70.98,72.66,73.29,73.1,4.9,Medium
65.99,64.42,63.32,67.83,63.83,56.08,65.79,59.57,54.24,1.8,Low
44.0,40.63,44.62,45.97,39.8,44.97,40.53,43.22,47.89,1.5,Low
36.35,45.56,43.95,39.45,45.2,42.93,41.44,36.42,55.59,2.4,Low
63.59,58.38,58.13,60.3,67.39,66.15,66.93,67.39,58.64,5.2,Low
80.73,83.3,77.7,87.01,86.23,87.56,85.58,86.43,94.48,13.8,High
73.34,72.7,66.18,72.42,64.27,73.44,73.28,65.65,83.82,7.8,Medium
62.69,64.73,66.35,72.78,74.01,65.76,70.11,67.21,81.52,4.4,Medium
77.87,87.27,78.91,77.02,80.94,84.47,79.49,83.0,69.96,8.8,Medium
68.13,79.22,74.57,76.74,77.01,76.16,72.48,68.95,72.33,7.3,Medium
83.25,83.36,84.55,84.48,83.2,81.18,84.7,90.93,95.57,12.2,High
49.39,52.83,54.55,56.35,57.24,54.97,54.69,51.95,52.52,3.7,Low
60.09,61.5,57.92,63.72,62.91,61.97,56.6,56.29,49.24,1.4,Low
87.53,90.11,84.89,90.91,88.48,85.48,90.43,82.62,95.6,5.7,High
48.16,42.88,37.27,39.66,46.84,42.14,46.28,44.68,55.63,1.9,Low
84.58,82.01,85.92,82.53,86.72,84.87,81.65,79.06,83.15,6.7,Medium
75.38,73.01,75.51,75.34,75.92,78.56,73.74,74.86,76.86,6.8,Medium
62.34,59.83,62.39,68.21,64.36,65.7,67.63,66.54,74.93,6.3,Medium
91.77,85.36,89.3,86.89,87.57,82.98,82.96,85.56,94.06,13.5,High
91.83,87.76,93.69,86.55,90.95,93.0,86.55,93.94,88.47,6.7,High
60.98,66.19,61.61,66.08,67.04,60.08,58.04,57.29,74.44,4.3,Medium
50.57,51.8,54.14,45.14,42.99,44.58,44.26,50.78,61.25,4.9,Low
93.88,95.57,87.96,96.42,98.17,87.89,86.9,90.33,94.27,6.7,High
52.2,51.44,45.14,53.19,54.12,51.12,45.37,55.72,62.88,1.4,Low
85.81,91.91,91.58,82.98,93.24,89.34,91.66,90.2,87.93,10.1,High
82.73,82.08,81.5,85.05,79.5,86.5,86.24,77.31,72.59,7.8,High
82.71,92.58,84.55,84.91,91.94,86.45,92.93,90.78,91.77,8.8,High
96.93,100.0,99.35,98.82,96.95,100.0,92.18,93.72,83.37,12.2,High
89.57,93.42,88.44,92.9,87.72,87.48,85.92,86.78,89.57,10.3,High
77.82,80.7,83.73,78.3,75.4,73.21,74.34,74.74,71.15,4.3,Medium
90.25,91.98,85.13,94.04,89.5,94.09,90.5,89.25,86.39,14.7,High
84.79,79.73,75.81,82.48,75.57,76.72,81.68,78.57,97.06,9.8,High
90.47,94.03,93.17,93.07,98.08,99.64,91.42,95.21,91.7,12.9,High
83.82,77.78,77.99,76.8,75.93,81.31,83.03,79.39,71.53,4.3,Medium
81.85,80.22,78.26,78.7,81.97,75.86,77.3,78.53,75.72,7.1,High
44.77,42.62,39.25,37.28,44.05,44.18,47.1,41.79,49.15,2.5,Low
77.72,75.81,86.26,84.75,81.62,86.13,86.71,82.78,88.91,8.2,High
98.61,89.79,94.64,95.23,93.51,88.71,91.79,91.61,89.53,11.5,High
53.59,52.01,48.85,47.7,46.02,46.12,53.89,47.1,62.34,2.4,Low
52.69,54.78,59.52,57.95,59.56,52.88,57.03,61.57,58.56,3.1,Low
61.42,60.45,65.16,65.18,59.67,70.46,69.51,64.09,84.54,6.7,Medium
49.74,56.48,58.22,49.38,53.07,51.06,57.52,52.56,62.92,3.5,Low
52.12,47.0,50.75,44.3,44.49,47.95,52.89,46.78,64.75,3.1,Low
68.71,67.11,65.51,71.62,70.11,66.05,72.55,63.77,77.38,6.3,Medium
82.89,84.81,78.98,73.48,79.07,80.12,83.48,83.53,74.56,7.0,Medium
73.45,67.45,71.23,77.23,69.66,73.91,73.39,75.82,80.28,5.5,Medium
52.61,53.97,43.93,44.32,51.07,54.55,55.47,52.46,52.92,4.6,Low
93.74,96.25,85.96,94.96,88.93,89.91,87.15,91.78,95.96,9.4,High
45.69,41.14,49.2,39.97,43.78,41.3,41.31,38.36,46.97,5.4,Low
55.09,57.99,58.61,56.03,53.94,61.08,53.33,55.56,48.95,3.2,Low
87.84,96.03,92.19,87.59,91.09,92.52,93.23,84.88,91.2,14.9,High
82.27,79.22,82.63,82.44,83.12,83.64,82.9,85.05,72.87,7.8,High
57.11,58.95,51.24,53.7,59.13,52.27,51.74,56.63,52.72,3.2,Low
85.08,80.97,84.86,84.14,79.25,76.57,86.74,76.87,82.12,4.5,Medium
61.76,56.49,61.59,52.27,58.54,57.56,60.18,60.17,69.5,5.8,Medium
57.81,68.12,64.24,68.49,60.16,58.27,67.39,68.42,47.71,2.2,Low
64.85,60.1,69.58,60.56,64.38,66.98,67.85,70.29,84.09,4.8,Medium
65.12,64.14,70.66,59.64,63.69,64.57,70.65,69.51,75.05,3.6,Medium
72.21,69.71,68.9,77.61,72.89,75.39,75.13,74.6,84.62,5.2,Medium
40.91,49.27,42.58,42.68,50.53,44.03,41.86,50.9,48.15,3.8,Low
39.71,45.55,37.93,37.8,47.1,40.47,41.5,39.71,48.25,2.3,Low
76.38,73.21,68.36,73.09,78.39,67.57,76.45,77.45,80.68,5.9,Medium
81.06,84.48,82.13,87.16,77.13,77.21,83.54,77.03,69.03,5.9,Medium
73.88,72.96,74.78,68.71,75.94,77.75,75.33,76.74,73.53,9.0,Medium
87.57,87.12,83.27,87.25,90.11,86.62,83.96,93.2,85.66,8.4,High
46.07,43.01,43.37,43.07,40.29,37.8,40.57,44.31,47.41,4.7,Low
56.25,58.96,54.58,59.91,54.72,53.33,62.17,56.44,69.21,4.0,Low
82.77,80.31,80.66,73.27,84.1,82.91,76.16,75.12,82.37,8.8,High
86.91,84.93,81.82,87.71,80.48,89.07,82.7,85.15,82.1,13.7,High
72.17,71.78,73.04,78.57,79.24,74.42,79.1,76.98,81.21,6.4,Medium
90.99,95.73,93.43,95.59,88.13,92.33,94.78,87.68,83.82,9.3,High
76.56,85.43,78.58,81.03,84.91,82.47,86.47,86.14,86.09,8.3,Medium
45.4,41.97,41.94,43.57,40.07,36.44,35.31,38.95,45.47,5.6,Low
83.61,76.39,80.54,79.76,78.22,77.2,77.55,77.47,83.64,3.5,Medium
62.59,67.12,68.22,68.18,61.23,60.15,60.76,65.62,76.67,8.4,Medium
68.77,68.84,65.11,70.81,66.49,67.34,67.21,70.09,81.14,6.0,Medium
78.53,75.9,81.32,78.95,80.65,75.91,85.21,76.15,89.08,8.0,High
56.03,58.88,60.13,54.77,59.09,57.2,53.23,55.08,57.68,3.3,Low
84.43,81.92,77.93,78.84,81.12,81.14,82.14,77.77,96.39,8.4,High
90.83,89.13,82.15,82.49,89.5,84.77,90.04,89.24,87.41,11.0,High
46.53,53.95,50.72,47.04,49.47,53.59,46.05,46.85,59.57,1.7,Low
58.98,57.07,58.51,55.83,55.09,55.1,52.92,53.32,65.72,4.7,Medium
70.89,61.97,70.01,70.78,71.36,61.21,64.8,69.95,70.34,3.5,Medium
69.12,61.39,64.66,64.34,67.52,62.26,64.74,62.83,82.13,7.6,Medium
72.84,77.24,71.63,78.58,79.03,72.75,70.6,71.8,73.26,7.9,Medium
57.42,62.12,64.91,61.08,55.65,64.57,64.64,57.84,65.03,1.7,Low
100.0,92.96,95.71,94.49,90.62,90.93,96.32,93.12,84.36,9.4,High
64.39,66.09,58.24,60.03,66.55,64.94,58.26,65.06,83.82,8.0,Medium
82.01,84.15,81.76,76.76,78.88,79.04,76.0,80.46,86.09,13.3,High
58.53,64.51,61.23,60.05,63.48,65.71,61.21,63.33,83.39,6.6,Medium
97.63,100.0,98.19,96.23,97.19,99.17,100.0,94.59,83.08,10.3,High
51.88,51.44,46.61,43.15,49.17,52.38,44.72,51.97,63.32,4.1,Low
78.58,74.76,72.79,69.79,71.66,69.77,80.47,75.45,81.8,3.4,Medium
65.6,70.69,71.71,65.3,62.81,65.74,71.99,70.24,80.81,4.1,Medium
87.54,82.68,86.06,85.17,77.4,83.68,86.32,82.99,76.44,6.0,Medium
91.01,94.17,90.12,86.4,96.34,90.13,97.87,89.19,86.9,11.0,High
45.49,44.03,47.31,37.59,43.17,45.25,36.29,36.68,60.94,2.8,Low
72.19,75.43,68.5,73.2,70.93,70.39,68.82,71.83,77.64,6.6,Medium
93.98,90.38,90.37,92.6,99.2,90.67,98.24,93.14,89.98,8.9,High
46.35,53.48,55.45,49.14,49.47,46.08,51.81,56.0,67.47,3.2,Low
81.58,76.93,77.89,77.14,84.96,75.79,82.12,79.9,78.84,7.8,High
80.85,77.48,75.16,78.08,78.73,69.74,80.52,76.56,69.47,4.9,Medium
70.91,65.42,74.83,68.43,74.16,63.9,64.72,65.07,82.93,7.7,Medium
97.51,96.92,89.78,94.39,93.38,88.27,90.4,93.17,87.54,14.4,High
99.6,98.21,100.0,97.71,100.0,91.29,91.49,98.65,84.47,11.6,High
78.08,79.63,75.58,83.59,77.9,81.76,80.33,75.68,75.08,6.8,Medium
89.19,85.66,90.53,90.72,92.24,93.62,83.48,86.36,89.75,7.0,High
83.56,85.88,87.01,89.78,85.38,92.78,84.31,86.33,86.28,7.5,High
93.72,91.44,88.01,99.08,93.8,99.34,90.32,91.97,89.97,10.1,High
80.97,84.7,79.7,85.12,83.26,83.7,78.92,79.34,79.12,5.8,Medium
93.13,87.31,95.83,92.12,85.38,95.66,88.68,93.5,83.18,10.0,High
58.88,53.42,54.52,56.87,58.56,58.36,60.15,59.06,49.98,3.5,Low
63.0,63.45,69.35,65.8,67.92,63.01,69.2,63.83,84.84,7.4,Medium
56.85,48.91,54.29,60.2,57.99,57.91,55.52,57.25,64.92,4.6,Low
87.1,93.49,85.7,96.7,86.64,85.55,89.09,87.14,91.92,13.4,High
81.1,73.02,73.93,74.76,76.18,80.22,78.58,76.04,83.65,8.2,Medium
51.21,50.28,50.88,49.88,44.87,45.52,49.26,45.26,53.86,4.9,Low
83.01,83.39,90.41,88.75,82.48,80.66,87.32,83.76,85.32,12.0,High
61.32,66.43,62.02,63.17,60.94,63.61,60.29,64.33,65.12,2.5,Low
61.79,66.92,65.26,66.54,59.51,63.84,67.49,60.09,78.47,6.5,Medium
95.13,94.45,89.64,86.3,95.47,87.76,91.66,94.8,96.87,9.1,High
78.2,69.34,77.83,69.35,78.27,79.2,72.0,73.18,80.29,8.6,High
63.97,58.44,68.95,60.57,69.02,63.67,63.08,68.41,66.92,1.0,Low
65.56,63.14,62.28,68.89,69.54,66.86,69.14,62.15,69.91,4.0,Medium
62.71,56.89,56.36,58.56,57.65,57.8,57.5,63.72,57.88,1.4,Low
95.33,87.76,88.43,90.69,91.88,93.04,97.75,95.45,82.18,11.5,High
93.12,92.09,92.33,99.46,97.76,95.48,97.08,96.14,86.72,11.1,High
71.06,61.57,65.95,69.03,61.52,67.36,61.33,67.16,72.21,7.5,Medium
60.54,61.61,66.14,60.24,65.27,68.85,64.59,65.31,73.58,6.1,Medium
87.07,92.12,91.27,89.26,82.87,86.46,83.09,94.25,94.91,12.2,High
100.0,100.0,100.0,98.56,95.85,100.0,95.4,100.0,82.51,9.1,High
78.18,74.51,72.48,76.78,76.68,79.07,73.01,70.38,79.25,6.2,Medium
96.0,89.09,90.28,89.43,97.37,94.82,87.48,95.84,90.71,10.3,High
57.3,56.5,63.27,64.53,56.68,64.98,60.92,58.91,45.39,2.0,Low
45.2,44.19,39.24,42.59,43.48,39.26,39.03,37.13,57.6,2.4,Low
89.97,90.35,86.92,84.54,85.36,91.08,90.71,87.47,82.98,14.5,High
90.55,87.18,91.69,85.1,89.98,91.16,92.47,88.24,84.39,8.8,High
66.58,69.88,68.98,59.93,67.51,61.1,62.04,66.9,72.13,4.2,Medium
45.41,44.46,49.14,42.7,50.19,38.89,49.95,50.25,64.04,4.6,Low
48.43,56.95,52.6,55.28,50.54,52.38,50.28,49.11,51.06,4.0,Low
68.15,69.04,62.52,63.04,64.82,60.73,59.82,61.2,84.68,5.8,Medium
69.33,74.77,70.76,72.62,72.99,67.86,74.63,76.37,70.59,5.0,Medium
68.18,65.39,70.54,66.04,67.23,60.24,59.94,69.69,81.51,4.0,Medium
74.83,80.54,72.16,78.12,76.53,79.47,80.05,79.45,75.01,8.1,Medium
62.49,59.44,67.87,56.34,65.9,64.23,65.81,67.06,77.38,3.1,Low
86.46,79.89,81.44,81.16,81.55,83.46,88.56,79.39,85.07,10.3,High
51.47,54.89,56.98,51.02,50.46,52.4,56.34,55.55,66.46,4.8,Low
74.53,76.55,84.43,84.67,79.72,74.58,74.91,85.12,69.62,6.2,Medium
68.23,63.74,65.72,65.24,61.47,57.61,58.64,59.58,83.79,4.9,Medium
76.51,86.69,83.52,80.84,86.52,75.47,80.07,84.89,73.64,7.5,Medium
58.23,61.15,69.78,63.76,62.14,69.17,63.05,66.03,54.92,4.9,Low
86.12,86.99,93.68,92.74,94.01,88.94,86.41,85.2,94.77,12.1,High
67.05,68.32,66.56,61.98,65.91,62.78,68.84,65.56,70.25,4.1,Medium
91.84,92.72,87.84,83.02,85.55,82.65,84.59,86.9,83.36,14.0,High
67.86,67.8,72.34,71.97,67.19,66.13,68.5,76.23,76.23,3.5,Medium
82.67,83.2,84.58,74.52,76.73,84.25,75.3,76.66,73.6,5.0,Medium
48.2,44.2,45.8,51.08,46.0,42.65,48.05,48.39,62.37,3.5,Low
76.05,72.81,71.05,75.87,77.38,77.1,72.46,73.54,84.2,5.8,Medium
86.74,97.74,91.61,90.67,91.94,96.9,94.16,92.38,93.44,12.9,High
75.83,84.03,82.7,79.07,82.57,75.34,86.61,82.94,77.13,6.8,Medium
61.25,64.27,64.37,65.11,65.05,63.49,62.84,67.41,55.76,1.1,Low
68.24,74.79,64.64,74.53,64.94,66.99,68.71,65.73,68.42,3.6,Medium
68.8,74.92,66.58,75.39,72.98,73.33,67.17,77.01,79.84,4.9,Medium
79.66,81.74,79.1,84.57,82.07,77.23,84.25,79.25,90.96,14.6,High
80.5,71.55,72.02,81.26,73.04,74.71,76.29,73.95,71.5,7.5,Medium
76.47,73.6,79.57,76.83,79.19,77.89,72.99,76.8,78.15,6.7,Medium
84.44,82.25,81.14,77.78,80.73,78.35,83.75,84.44,86.89,6.8,High
51.65,53.28,48.52,52.18,47.99,49.51,57.66,59.44,57.24,1.7,Low
76.24,71.37,70.75,79.51,73.88,73.68,76.83,72.4,75.07,8.0,Medium
73.45,81.39,81.96,76.49,81.96,72.58,80.71,78.64,77.35,3.7,Medium
100.0,94.34,93.12,98.74,94.21,100.0,98.25,91.78,94.02,8.0,High
65.36,65.03,65.84,65.85,64.08,67.57,66.74,69.83,80.08,6.8,Medium
73.9,70.23,63.22,73.63,71.5,73.1,73.99,72.48,72.54,8.1,Medium
49.38,48.36,46.12,47.17,43.47,45.21,45.67,47.85,62.78,5.1,Low
87.71,94.68,87.21,83.31,92.57,92.07,92.05,88.78,86.45,14.4,High
62.49,59.87,60.55,67.27,61.38,64.27,64.12,63.15,77.09,4.3,Medium
62.53,58.51,67.31,62.31,57.02,68.51,59.44,65.28,69.69,7.7,Medium
67.19,62.34,63.8,70.18,61.32,64.09,63.0,67.73,83.86,4.6,Medium
72.37,73.49,78.94,70.89,79.12,80.58,82.64,75.85,68.02,5.9,Medium
84.66,91.47,82.54,90.18,89.93,82.49,92.81,82.61,93.69,6.0,High
93.24,87.52,90.64,93.94,96.02,86.74,86.91,94.73,89.04,12.2,High
79.55,77.24,82.87,83.43,83.52,85.58,84.51,86.4,73.35,3.8,Medium
86.87,83.97,94.09,94.78,89.26,84.67,89.31,90.45,90.15,12.5,High
69.0,65.49,63.06,66.87,67.82,70.13,67.92,58.87,68.35,1.7,Low
80.8,82.26,80.73,79.7,83.14,75.71,81.16,82.11,82.97,12.9,High
89.64,87.89,90.82,93.22,91.38,84.0,91.59,91.96,85.25,13.1,High
82.86,79.26,84.45,84.44,76.99,84.05,83.97,77.52,88.95,9.5,High
73.97,81.82,75.67,83.08,81.7,72.8,82.13,75.71,80.25,4.0,Medium
72.43,74.11,74.91,72.52,71.17,69.34,75.0,76.78,69.31,5.7,Medium
62.59,61.52,58.73,68.1,67.21,63.56,67.89,65.81,82.67,4.5,Medium
82.43,85.97,87.52,92.32,83.64,91.14,93.27,92.94,93.52,7.7,High
68.57,62.02,64.34,68.69,65.58,69.4,67.5,69.03,82.36,5.0,Medium
41.83,38.96,43.81,41.68,43.04,48.96,49.41,50.3,67.51,4.8,Low
80.19,76.69,79.73,74.55,85.79,82.37,74.95,84.88,80.36,3.6,Medium
71.74,71.86,72.32,80.56,71.62,77.53,75.94,82.29,74.33,8.8,Medium
88.49,83.49,82.93,80.57,82.1,89.03,86.69,81.54,94.81,12.0,High
67.03,68.24,67.72,65.98,66.43,72.77,74.45,72.9,77.11,8.8,Medium
46.46,48.36,50.32,45.32,54.08,42.57,47.05,47.62,47.28,2.2,Low
82.46,92.28,94.11,83.89,92.2,86.78,89.88,90.05,94.86,6.4,High
99.46,93.95,90.17,99.49,98.58,92.61,89.14,94.16,82.35,5.6,High
81.45,75.33,75.83,75.5,76.61,83.86,73.67,80.69,74.71,3.2,Medium
84.77,83.06,83.81,92.03,87.73,88.98,91.04,90.95,90.81,5.6,High
53.93,49.01,47.64,45.14,46.8,45.61,53.73,52.32,58.61,3.4,Low
58.92,48.44,55.12,50.43,57.03,58.24,47.91,59.19,64.17,6.0,Low
64.08,56.05,61.05,63.61,62.31,64.9,54.27,62.34,53.87,5.2,Medium
78.4,73.73,71.53,73.71,68.91,70.62,70.45,74.14,71.2,8.9,Medium
50.06,49.17,42.92,39.3,46.08,50.04,48.33,49.19,48.26,4.6,Low
44.55,46.96,44.98,45.23,54.72,52.84,54.87,51.13,68.55,3.0,Low
54.02,58.41,53.44,55.02,59.6,52.87,60.08,62.72,68.22,4.9,Medium
84.11,87.93,88.49,79.53,83.67,88.12,78.57,85.82,84.41,3.2,Medium
46.7,45.87,48.84,43.56,41.38,41.19,39.01,41.28,67.13,1.4,Low
91.56,86.86,85.49,87.5,82.16,86.7,91.32,88.76,93.72,14.7,High
79.15,86.75,76.22,77.37,79.83,84.11,81.89,86.1,95.53,7.9,High
80.2,70.87,79.56,70.77,70.1,71.35,71.17,77.25,76.21,3.2,Medium
62.17,68.43,71.65,63.41,65.9,66.7,65.11,69.51,72.79,4.4,Medium
75.45,84.59,78.16,79.23,80.33,82.4,75.56,80.99,84.73,7.9,Medium
48.82,45.95,46.46,43.97,52.26,51.24,44.26,47.36,56.14,2.3,Low
58.56,53.77,55.17,59.15,54.44,59.32,54.46,49.69,58.84,5.2,Low
74.67,73.99,67.99,75.63,68.62,78.36,78.21,76.25,83.31,7.8,Medium
84.28,86.76,79.85,87.68,87.72,77.56,81.41,81.52,75.4,9.0,High
89.72,88.52,87.28,87.22,84.03,89.3,91.35,93.52,95.98,12.9,High
62.25,63.05,62.72,63.95,65.43,58.57,61.43,59.85,72.86,6.2,Medium
59.67,65.76,67.86,67.58,57.06,66.62,60.45,60.18,83.12,5.0,Medium
69.75,63.38,67.97,61.3,63.06,65.81,60.32,60.6,82.77,3.8,Medium
78.13,73.86,75.68,78.03,73.58,82.16,82.5,72.3,82.74,7.9,Medium
65.94,63.38,58.21,64.81,60.99,62.55,56.41,55.29,51.24,3.3,Low
63.93,61.69,70.46,68.72,68.0,63.15,64.37,61.68,82.8,6.5,Medium
58.66,60.34,55.67,64.79,64.64,55.53,66.37,63.2,61.18,4.4,Low
90.15,86.26,83.63,83.06,82.73,81.57,84.14,86.67,94.88,8.1,High
68.27,62.64,65.92,65.46,61.73,59.45,58.91,70.01,76.7,7.0,Medium
44.11,42.33,49.71,51.32,50.19,50.16,47.73,48.46,62.78,5.5,Low
74.79,74.42,70.19,78.26,76.63,72.04,78.48,72.43,84.96,4.6,Medium
66.81,66.75,67.18,58.84,57.83,58.2,59.77,66.36,61.8,3.5,Medium
90.5,95.17,89.92,95.69,90.21,89.36,89.76,96.45,87.37,5.9,High
59.26,54.6,59.0,53.17,52.17,49.24,58.84,50.24,68.61,1.4,Low
71.75,76.55,77.3,73.81,75.53,70.08,75.57,68.01,83.41,5.7,Medium
47.38,39.27,45.59,45.82,43.06,49.8,42.81,38.67,64.11,3.4,Low
58.58,64.42,63.82,59.28,64.62,60.43,57.84,60.9,73.48,8.0,Medium
97.56,95.99,92.88,99.48,100.0,92.94,99.65,93.14,86.77,7.9,High
65.68,58.53,65.76,64.03,58.98,61.35,64.76,57.4,55.08,2.1,Low
91.57,91.47,83.86,91.9,88.63,88.19,90.19,89.32,82.78,14.9,High
77.19,72.48,76.5,70.88,79.2,70.5,77.86,70.65,73.12,7.0,Medium
83.85,80.0,86.02,81.12,78.05,83.53,80.07,88.77,85.2,7.6,High
94.12,87.88,87.17,92.23,94.77,87.3,89.16,88.86,96.51,13.4,High
82.83,85.84,91.98,86.11,91.22,83.5,91.46,82.91,83.6,6.7,High
67.04,70.12,60.7,69.36,61.78,64.39,71.13,62.84,74.08,5.6,Medium
55.35,62.35,54.7,65.31,55.91,58.99,61.09,63.62,61.22,5.0,Low
89.05,90.9,92.52,82.4,91.88,82.19,85.77,81.39,87.74,5.3,High
93.6,93.46,98.42,94.72,90.74,92.96,95.09,87.83,92.85,12.7,High
90.29,86.92,92.08,80.88,87.94,82.11,90.41,90.45,92.82,8.8,High
83.45,85.52,90.57,87.69,85.67,88.36,92.46,88.23,85.85,14.7,High
59.72,63.44,65.18,58.49,59.58,65.74,65.92,62.15,76.46,6.9,Medium
86.74,88.76,91.54,92.81,93.52,91.76,93.97,94.68,97.21,8.6,High
51.12,43.05,45.81,47.97,40.09,41.51,41.23,48.15,53.53,5.1,Low
89.71,90.48,94.37,93.6,86.29,89.97,96.11,95.04,85.0,14.3,High
46.88,51.25,51.63,45.85,56.49,55.33,51.06,51.36,61.46,5.8,Low
89.06,91.62,95.01,90.46,89.03,96.17,95.4,93.56,93.69,6.3,High
63.22,66.66,67.24,61.85,66.68,68.59,66.8,69.49,56.32,1.7,Low
93.3,97.01,93.04,96.73,91.28,93.57,89.1,86.62,86.65,8.5,High
76.96,78.08,71.41,78.15,77.68,74.26,68.29,69.73,79.34,5.5,Medium
90.51,97.58,95.79,91.05,96.55,87.89,97.27,88.73,84.57,7.9,High
77.01,83.57,83.75,77.61,82.14,85.28,78.81,85.64,80.62,6.4,High
91.38,93.31,94.38,93.9,94.88,92.39,91.71,93.0,82.21,7.5,High
74.43,80.49,74.54,74.38,78.47,76.83,77.44,78.98,84.39,4.8,Medium
63.21,63.2,65.23,61.97,72.54,68.74,69.3,67.24,73.62,7.3,Medium
74.67,73.28,78.53,77.46,78.91,73.57,75.12,75.02,73.4,4.3,Medium
72.55,70.47,72.36,60.69,68.61,65.94,71.44,67.95,80.8,6.2,Medium
62.4,55.69,57.55,54.46,62.0,60.93,55.56,60.7,53.02,5.6,Low
100.0,92.18,100.0,96.62,90.26,90.95,98.21,99.45,85.08,10.1,High
69.9,67.48,65.94,69.46,67.15,60.03,63.69,62.16,77.14,7.2,Medium
91.03,91.4,92.95,95.86,93.49,88.5,96.38,94.71,90.93,10.7,High
72.75,83.01,73.15,81.32,75.49,72.91,81.06,77.13,77.96,7.2,Medium
70.65,75.52,72.5,77.48,67.68,74.08,76.92,75.49,77.07,3.8,Medium
77.42,76.0,83.1,82.38,87.3,79.6,84.92,86.78,77.41,6.3,Medium
72.21,79.58,71.9,71.74,79.16,79.79,79.78,80.75,76.71,4.0,Medium
68.72,76.25,73.39,71.51,69.08,75.41,68.74,74.98,72.94,3.4,Medium
89.12,88.9,86.49,85.91,87.25,82.17,85.07,84.77,91.86,8.1,High
84.18,79.2,77.95,77.31,80.26,75.75,80.92,83.74,70.28,7.4,Medium
84.61,84.6,83.92,89.78,84.07,90.68,88.56,90.78,86.21,13.9,High
76.72,71.8,70.09,76.68,76.21,70.9,72.99,73.54,84.98,5.8,Medium
77.28,71.91,76.09,75.27,72.07,81.3,77.83,81.53,82.42,7.8,Medium
64.29,67.97,64.05,66.02,74.43,67.87,69.17,68.99,71.72,5.9,Medium
52.06,52.12,45.26,48.63,44.19,49.95,46.49,49.94,62.59,3.6,Low
68.14,74.32,69.75,69.69,71.15,69.92,65.57,65.89,83.42,6.1,Medium
69.05,61.86,63.21,70.18,69.08,66.22,66.19,62.97,71.18,5.2,Medium
36.49,42.12,35.03,41.43,35.23,37.66,36.72,46.06,46.08,3.9,Low
59.79,57.42,61.78,68.3,66.8,58.44,66.36,63.6,80.23,7.0,Medium
47.24,42.66,43.99,45.63,41.3,43.17,39.85,40.98,61.49,2.3,Low
70.53,72.19,65.28,74.22,70.86,66.23,70.6,66.38,70.54,3.6,Medium
62.69,60.87,56.95,62.78,59.18,66.05,65.9,61.0,64.37,4.2,Medium
73.6,77.72,74.78,82.3,75.39,82.51,76.9,74.26,79.84,3.6,Medium
56.3,56.7,52.24,52.8,50.31,56.27,51.49,58.71,47.95,1.0,Low
66.75,71.19,67.58,66.23,68.45,64.83,65.47,65.92,79.57,7.5,Medium
79.31,82.35,75.9,76.53,78.76,78.02,80.56,82.32,79.21,7.5,Medium
93.11,100.0,96.59,92.13,94.02,92.32,91.82,95.97,82.08,5.9,High
78.29,76.78,74.62,72.21,69.36,74.82,76.59,70.37,80.1,6.6,Medium
67.26,69.7,66.84,68.72,78.79,76.19,71.07,71.57,71.94,4.0,Medium
74.89,81.43,82.46,75.65,83.03,74.79,78.75,73.81,69.17,3.5,Medium
62.35,65.01,72.85,71.12,72.96,72.0,71.24,68.38,74.92,3.6,Medium
59.61,53.59,53.61,55.12,48.41,49.47,48.89,55.68,64.25,4.8,Low
67.03,60.95,70.81,63.81,61.94,68.91,70.68,61.74,73.37,8.7,Medium
74.79,71.62,74.34,69.41,65.82,72.25,73.9,65.91,83.2,4.6,Medium
96.18,93.24,93.1,92.5,94.31,91.63,85.64,90.92,84.5,6.1,High
82.58,88.51,87.68,80.06,79.36,83.61,77.34,86.28,83.25,8.2,High
68.65,78.27,74.93,72.07,74.82,66.69,69.08,73.52,74.69,7.1,Medium
67.11,68.81,65.84,67.44,63.98,69.86,65.92,71.71,77.33,4.4,Medium
77.56,79.6,79.19,81.55,80.93,78.11,87.87,78.16,91.21,7.3,High
89.2,91.64,92.42,86.59,89.74,89.81,87.77,91.28,97.93,13.5,High
49.93,50.25,52.64,57.1,49.01,46.15,47.37,56.32,60.75,3.2,Low
93.73,88.63,92.44,90.22,93.2,95.04,88.94,87.8,92.39,6.7,High
84.59,83.88,87.2,77.87,78.96,79.75,80.82,80.51,94.92,8.4,High
66.05,68.74,73.28,66.66,63.9,61.97,70.43,69.64,75.56,8.2,Medium
58.45,68.23,64.26,58.0,62.45,66.86,58.68,60.83,70.84,3.6,Low
78.01,82.11,76.17,84.66,74.94,82.56,84.92,78.5,73.26,4.5,Medium
59.15,55.89,49.64,54.69,55.09,55.14,54.28,53.8,51.81,3.2,Low
85.55,84.64,83.37,83.89,80.25,90.03,90.42,84.38,90.63,13.0,High
90.71,95.76,94.11,93.37,90.68,95.08,95.54,97.32,97.15,9.8,High
90.42,92.33,90.14,96.44,98.19,96.96,95.48,90.68,88.24,8.8,High
47.8,51.97,51.74,47.59,51.8,46.58,44.56,44.92,66.34,1.9,Low
84.57,78.63,77.65,81.76,79.94,79.58,85.43,87.82,86.31,12.2,High
42.93,51.56,43.11,47.9,44.56,52.35,52.06,52.2,66.09,5.8,Low
49.08,40.63,45.75,49.48,46.48,52.01,45.9,48.4,64.28,3.2,Low
91.58,88.36,92.99,87.71,95.98,95.69,87.94,86.68,82.67,14.4,High
86.48,77.12,77.52,86.41,82.72,84.17,81.47,78.09,86.42,6.2,Medium
92.64,85.85,92.87,93.55,94.63,86.65,87.93,96.92,96.89,15.0,High
62.41,58.44,55.75,64.92,59.96,59.39,57.67,62.5,55.97,2.0,Low
90.23,91.23,86.91,81.08,82.12,83.81,83.42,84.66,93.72,7.8,High
74.24,73.27,66.83,72.61,71.86,70.43,68.61,70.25,71.15,3.1,Medium
70.2,75.15,69.67,78.9,70.43,79.36,71.3,74.7,73.48,6.8,Medium
81.98,76.63,77.96,80.83,74.41,84.72,76.07,79.46,79.18,6.2,Medium
99.68,93.41,92.85,96.92,98.3,91.61,88.91,89.26,82.97,10.6,High
64.39,60.29,64.33,61.0,65.52,60.16,67.01,63.0,47.43,4.6,Low
74.11,65.52,65.68,68.34,67.57,65.42,75.5,68.83,75.8,7.0,Medium
100.0,97.01,100.0,99.15,98.6,94.41,100.0,100.0,87.19,8.7,High
56.98,52.34,51.4,57.11,48.81,48.79,47.85,55.46,54.93,4.6,Low
57.92,62.35,53.1,51.7,55.51,52.9,55.65,58.23,51.9,3.8,Low
45.11,44.98,45.81,38.37,46.21,44.57,43.21,47.19,54.99,5.6,Low
87.83,96.41,91.33,96.96,92.15,97.57,97.59,89.87,91.22,5.8,High
59.9,56.73,62.72,58.04,62.27,58.89,56.85,65.02,81.22,5.3,Medium
71.98,73.23,70.08,69.49,75.36,69.09,73.29,69.52,76.58,4.3,Medium
43.11,45.09,39.61,44.65,46.09,40.21,38.12,46.58,48.37,3.8,Low
40.42,40.09,43.37,36.53,39.9,48.09,43.63,48.12,61.79,3.1,Low
79.29,83.9,85.04,76.16,75.46,86.2,85.93,85.23,95.09,7.0,High
86.76,89.0,92.94,88.93,92.77,89.59,92.28,95.25,83.78,9.5,High
56.91,58.43,59.79,65.86,63.8,57.02,64.24,56.49,77.91,7.0,Medium
89.57,99.75,97.13,92.11,93.91,100.0,90.53,93.12,92.56,13.6,High
71.03,60.17,62.88,66.27,63.92,64.64,61.8,64.08,76.51,5.7,Medium
70.7,68.47,71.5,71.65,70.74,61.31,67.62,64.32,84.63,6.0,Medium
61.95,57.77,57.93,53.15,53.31,52.26,62.07,61.34,47.19,2.9,Low
69.94,70.69,64.05,68.8,66.63,61.96,72.29,72.05,70.36,6.2,Medium
68.31,58.35,60.74,67.48,65.65,66.11,67.49,61.9,52.94,3.8,Low
78.89,84.96,76.89,77.83,84.76,82.95,78.81,82.41,83.2,8.6,High
92.09,92.4,93.63,94.92,90.86,96.6,92.27,88.02,87.75,11.9,High
92.72,96.67,99.62,96.86,88.56,98.89,99.59,98.17,82.24,7.7,High
82.74,91.06,86.8,85.99,89.57,91.15,89.36,88.54,85.95,9.0,High
47.53,58.97,53.24,51.76,55.84,53.71,53.21,54.58,56.29,5.1,Low
86.7,86.23,88.52,81.82,87.37,82.87,91.12,86.59,86.87,13.3,High
89.64,92.98,93.43,90.16,95.1,96.57,90.44,93.47,97.01,12.0,High
76.53,76.42,80.44,79.41,81.34,79.66,84.54,81.19,81.54,7.3,High
70.78,71.91,65.79,74.42,66.14,72.54,69.03,67.71,81.06,8.5,Medium
71.59,76.63,72.19,74.66,79.42,75.68,69.22,79.75,70.0,3.8,Medium
73.19,68.93,72.56,73.43,72.68,75.89,66.58,67.77,74.97,3.5,Medium
92.95,100.0,89.96,94.37,91.51,97.43,96.7,97.67,92.67,13.4,High
49.61,39.55,42.03,42.86,42.98,39.25,43.56,45.04,56.38,3.9,Low
92.8,94.85,93.85,87.81,95.26,94.05,98.35,92.31,86.39,10.3,High
62.45,64.96,70.6,62.9,60.21,65.41,64.89,66.24,52.18,4.0,Low
84.99,85.26,92.47,86.38,95.15,94.56,96.96,89.94,93.34,14.8,High
72.77,78.87,73.08,75.47,73.27,69.46,77.62,73.48,68.19,4.2,Medium
60.67,64.68,67.61,66.18,64.36,62.39,64.14,67.32,70.99,5.0,Medium
98.13,91.7,96.81,91.9,94.54,90.61,96.34,97.71,88.62,12.4,High
88.17,83.88,86.47,83.21,81.04,83.5,86.74,85.38,72.77,3.2,Medium
77.42,79.99,85.98,77.16,78.2,75.92,83.99,83.9,88.62,10.0,High
58.81,67.61,65.31,62.81,65.83,58.24,66.99,66.39,76.21,6.0,Medium
67.35,65.06,58.84,69.98,67.03,65.92,59.83,64.39,80.32,5.8,Medium
73.58,80.54,73.69,72.15,73.16,73.67,75.13,71.25,73.31,6.5,Medium
76.75,78.48,78.1,75.97,82.73,77.67,77.21,75.13,91.97,10.1,High
90.09,83.26,82.63,87.1,84.13,89.14,89.1,92.02,84.08,9.7,High
70.61,68.96,74.25,71.63,68.15,64.14,72.32,73.6,81.9,7.3,Medium
73.15,73.06,80.71,77.78,81.33,75.08,78.77,78.36,80.07,5.8,Medium
49.55,50.87,47.38,54.55,52.59,46.86,46.57,55.14,45.76,3.4,Low
90.5,90.65,93.14,92.27,97.38,90.3,89.78,95.46,94.68,10.3,High
